<project default="undeploy" basedir=".">


<property environment="env"/>
<property file="build.properties"/>
<property file="${user.home}/build.properties"/>
<property name="env.GLOBUS_LOCATION" value="../../.."/>
<property name="deploy.dir" value="${env.GLOBUS_LOCATION}"/>


<target name="undeploy">
  <delete verbose="true" dir="${deploy.dir}/etc/globus_wsrf_core_registry"/>
  <delete verbose="true" file="${deploy.dir}/lib/wsrf_core_registry.jar"/>
  <delete verbose="true" file="${deploy.dir}/lib/wsrf_core_registry_stubs.jar"/>
  <delete verbose="true" file="${deploy.dir}/share/schema/core/registry/registry_bindings.wsdl"/>
  <delete verbose="true" file="${deploy.dir}/share/schema/core/registry/registry_entry_bindings.wsdl"/>
  <delete verbose="true" file="${deploy.dir}/share/schema/core/registry/registry_entry_flattened.wsdl"/>
  <delete verbose="true" file="${deploy.dir}/share/schema/core/registry/registry_entry_service.wsdl"/>
  <delete verbose="true" file="${deploy.dir}/share/schema/core/registry/registry_flattened.wsdl"/>
  <delete verbose="true" file="${deploy.dir}/share/schema/core/registry/registry_service.wsdl"/>
  <delete verbose="true" dir="${deploy.dir}/share/globus_wsrf_core_registry"/>
</target>
</project>
