<?xml version="1.0" encoding="UTF-8"?>
<!--

    Licensed to the Apache Software Foundation (ASF) under one or more
    contributor license agreements.  See the NOTICE file distributed with
    this work for additional information regarding copyright ownership.
    The ASF licenses this file to You under the Apache License, Version 2.0
    (the "License"); you may not use this file except in compliance with
    the License.  You may obtain a copy of the License at

       http://www.apache.org/licenses/LICENSE-2.0

    Unless required by applicable law or agreed to in writing, software
    distributed under the License is distributed on an "AS IS" BASIS,
    WITHOUT WARRANTIES OR CONDITIONS OF ANY KIND, either express or implied.
    See the License for the specific language governing permissions and
    limitations under the License.

-->
<beans xmlns:sm="http://servicemix.apache.org/config/1.0" 
	   xmlns:amq="http://activemq.apache.org/schema/core"
	   xmlns:test="http://servicemix.org/test">
  <bean id="jndi" class="org.apache.xbean.spring.jndi.SpringInitialContextFactory"
        factory-method="makeInitialContext" singleton="true" />
  <!-- the JBI container -->
  <sm:container id="jbi" 
                name="wsn1"
                embedded="true"
                MBeanServer="#jmxServer"
                createJmxConnector="false">

    <!-- Use a SEDA flow + JMS flow for clustering. -->
    <sm:flows>
      <sm:sedaFlow />
      <sm:jmsFlow connectionFactory="#connectionFactory" />
    </sm:flows>

    <sm:activationSpecs />

  </sm:container>
  
  <!-- JMX server and connector -->
  <sm:rmiRegistry id="rmiRegistry" port="1091" />
  <sm:jmxServer id="jmxServer" locateExistingServerIfPossible="true" />
  <sm:jmxConnector objectName="connector:name=rmi"
                   serviceUrl="service:jmx:rmi:///jndi/rmi://localhost:1091/jmxrmi"
                   threaded="true"
                   daemon="true" 
                   depends-on="rmiRegistry, jmxServer" />

  <!-- JMS connection factory -->
  <bean id="connectionFactory" class="org.apache.activemq.ActiveMQConnectionFactory">
    <!-- We use an embedded non persistent broker with multicast discovery (peer:// protocol) -->
    <property name="brokerURL" value="peer://localhost/wsnbroker1?broker.persistent=false" />
  </bean>

</beans>
