<?xml version="1.0" encoding="utf-8"?>

<!DOCTYPE hibernate-mapping PUBLIC
    "-//Hibernate/Hibernate Mapping DTD 3.0//EN"
    "http://hibernate.sourceforge.net/hibernate-mapping-3.0.dtd">

<hibernate-mapping>
    <typedef class="gov.nih.nci.cabig.caaers.tools.hibernate.CodedEnumType" name="grade">
        <param name="enumClass">gov.nih.nci.cabig.caaers.domain.Grade</param>
    </typedef>
    <typedef class="gov.nih.nci.cabig.caaers.tools.hibernate.CodedEnumType" name="attribution">
        <param name="enumClass">gov.nih.nci.cabig.caaers.domain.Attribution</param>
    </typedef>
</hibernate-mapping>