<?xml version="1.0" encoding="UTF-8"?>
<!DOCTYPE beans PUBLIC "-//SPRING//DTD BEAN//EN"
    "http://www.springframework.org/dtd/spring-beans.dtd">

<beans>
    
    <bean id="gridAuthenticationClient" class="gov.nih.nci.cabig.ctms.web.sso.GridBasicAuthenticationClientImpl">
    	<property name="idpUrl" value="https://cagrid-auth.nci.nih.gov:8443/wsrf/services/cagrid/AuthenticationService"/>
		<property name="ifsUrl" value="https://cagrid-dorian.nci.nih.gov:8443/wsrf/services/cagrid/Dorian"/>
		<property name="proxyLifetimeHours" value="12"/>
		<property name="proxyLifetimeMinutes" value="0"/>
		<property name="proxyLifetimeSeconds" value="0"/>
		<property name="delegationPathLength" value="0"/>
    </bean>
    
    <bean id="gridProxyValidator" class="gov.nih.nci.cabig.ctms.web.sso.GridProxyValidatorImpl"/>
    
    <bean id="gridProxyRetrievalStrategy" class="gov.nih.nci.cabig.caaers.tools.accesscontrol.CaaersGridProxyRetrievalStrategy">
    	<property name="authenticationClient" ref="gridAuthenticationClient"/>
    	<property name="validator" ref="gridProxyValidator"/>
    	<property name="usernameParam" value="username"/>
    	<property name="passwordParam" value="password"/>
    	<property name="gridProxyParam" value="gridProxy"/>
    </bean>
    
</beans>