<?xml version="1.0" encoding="UTF-8"?>
<logging-config>
	<logger-name>CSM.Audit.Logging.ObjectState.Authorization</logger-name>
	<logger-config-file>log4jConfig.xml</logger-config-file>
	<log-level>info</log-level>
	<messageType>string</messageType>
	<domainObjectList>
		<object-name>gov.nih.nci.security.authorization.domainobjects.Application</object-name>
		<object-name>gov.nih.nci.security.authorization.domainobjects.ApplicationContext</object-name>
		<object-name>gov.nih.nci.security.authorization.domainobjects.Group</object-name>
		<object-name>gov.nih.nci.security.authorization.domainobjects.GroupRoleContext</object-name>
		<object-name>gov.nih.nci.security.authorization.domainobjects.Privilege</object-name>
		<object-name>gov.nih.nci.security.authorization.domainobjects.ProtectionElement</object-name>
		<object-name>gov.nih.nci.security.authorization.domainobjects.ProtectionElementPrivilegeContext</object-name>
		<object-name>gov.nih.nci.security.authorization.domainobjects.ProtectionGroup</object-name>
		<object-name>gov.nih.nci.security.authorization.domainobjects.ProtectionGroupRoleContext</object-name>
		<object-name>gov.nih.nci.security.authorization.domainobjects.Role</object-name>
		<object-name>gov.nih.nci.security.authorization.domainobjects.User</object-name>
		<object-name>gov.nih.nci.security.authorization.domainobjects.UserGroupRoleProtectonGroup</object-name>		
		<object-name>gov.nih.nci.security.authorization.domainobjects.UserProtectionElement</object-name>
		<object-name>gov.nih.nci.security.authorization.domainobjects.UserRoleContext</object-name>
		<object-name>gov.nih.nci.security.authorization.dao.hibernate.ProtectionGroupProtectionElement</object-name>		
		<object-name>gov.nih.nci.security.authorization.dao.hibernate.RolePrivilege</object-name>
		<object-name>gov.nih.nci.security.authorization.dao.hibernate.UserGroup</object-name>
	</domainObjectList>
	<loggingEnabled>true</loggingEnabled>
</logging-config>