<?xml version="1.0" encoding="UTF-8"?>
<!--

    Licensed to the Apache Software Foundation (ASF) under one or more
    contributor license agreements.  See the NOTICE file distributed with
    this work for additional information regarding copyright ownership.
    The ASF licenses this file to You under the Apache License, Version 2.0
    (the "License"); you may not use this file except in compliance with
    the License.  You may obtain a copy of the License at

       http://www.apache.org/licenses/LICENSE-2.0

    Unless required by applicable law or agreed to in writing, software
    distributed under the License is distributed on an "AS IS" BASIS,
    WITHOUT WARRANTIES OR CONDITIONS OF ANY KIND, either express or implied.
    See the License for the specific language governing permissions and
    limitations under the License.

-->
<beans xmlns:sm="http://servicemix.apache.org/config/1.0"
       xmlns:amq="http://activemq.apache.org/schema/core"
       xmlns:util="http://www.springframework.org/schema/util">

  <sm:rmiRegistry id="rmiRegistry" port="1099" />
  
  <!-- JMX server -->
  <sm:jmxServer id="jmxServer" locateExistingServerIfPossible="true" />
  
  <!-- JMX Remote connector -->
  <sm:jmxConnector objectName="connector:name=rmi"
                   serviceUrl="service:jmx:rmi:///jndi/rmi://localhost:1099/jmxrmi"
                   threaded="true"
                   daemon="true" 
                   depends-on="rmiRegistry, jndi" />

  <bean id="jndi" 
        class="org.apache.xbean.spring.jndi.SpringInitialContextFactory" 
        factory-method="makeInitialContext"
        singleton="true">
    <property name="entries" ref="jndiEntries" />
  </bean>

  <util:map id="jndiEntries">
    <entry key="java:comp/env/jms/wsnotificationCF">
      <amq:connectionFactory brokerURL="tcp://localhost:61616" />
    </entry>
  </util:map>

  <amq:broker depends-on="jmxServer">
    <amq:managementContext>
      <bean class="org.apache.activemq.broker.jmx.ManagementContext">
        <property name="createConnector" value="false" />
      </bean>
    </amq:managementContext>
    <amq:transportConnectors>
       <amq:transportConnector uri="tcp://localhost:61616" />
    </amq:transportConnectors>
  </amq:broker>

  <!-- the JBI container -->
  <sm:container id="jbi" 
                rootDir="./data" 
                MBeanServer="#jmxServer"
                installationDirPath="./hotdeploy"
                monitorDeploymentDirectory="false"
                flowName="seda">

    <sm:activationSpecs>

    </sm:activationSpecs>
  </sm:container>

</beans>
