<ns1:ServiceMetadata xmlns:ns1="gme://caGrid.caBIG/1.0/gov.nih.nci.cagrid.metadata">
 <ns1:serviceDescription>
  <ns2:Service description="The ProtocolService grid service, created with caGrid Introduce, version:1.0." name="ProtocolService" version="1.0" xmlns:ns2="gme://caGrid.caBIG/1.0/gov.nih.nci.cagrid.metadata.service">
   <ns2:pointOfContactCollection/>
   <ns2:serviceContextCollection>
    <ns2:ServiceContext description="" name="ProtocolService">
     <ns2:operationCollection>
      <ns2:Operation description="" name="getServiceSecurityMetadata">
       <ns2:inputParameterCollection/>
       <ns2:Output qName="ns3:ServiceSecurityMetadata" dimensionality="1" isArray="false" xmlns:ns3="gme://caGrid.caBIG/1.0/gov.nih.nci.cagrid.metadata.security"/>
       <ns2:faultCollection/>
      </ns2:Operation>
      <ns2:Operation description="" name="registerParticipant">
       <ns2:inputParameterCollection>
        <ns2:InputParameter qName="ns4:registration" dimensionality="1" index="0" isArray="false" isRequired="false" name="registration" xmlns:ns4="http://semanticbits.com/registration.xsd"/>
       </ns2:inputParameterCollection>
       <ns2:Output qName="ns5:identifier" dimensionality="1" isArray="false" xmlns:ns5="http://semanticbits.com/registration.xsd"/>
       <ns2:faultCollection>
        <ns2:Fault description="" name="InvalidRegistration"/>
        <ns2:Fault description="" name="RegistrationError"/>
       </ns2:faultCollection>
      </ns2:Operation>
     </ns2:operationCollection>
     <ns2:contextPropertyCollection>
      <ns2:ContextProperty description="" name="{gme://caGrid.caBIG/1.0/gov.nih.nci.cagrid.metadata}ServiceMetadata"/>
     </ns2:contextPropertyCollection>
    </ns2:ServiceContext>
   </ns2:serviceContextCollection>
   <ns6:SemanticMetadata conceptCode="C63541" conceptDefinition="A service available on a system that coordinates resources that are not subject to central control, using open, general purpose protocols and interfaces to deliver nontrivial qualities of services." conceptName="Grid Service" order="0" xmlns:ns6="gme://caGrid.caBIG/1.0/gov.nih.nci.cagrid.metadata.common"/>
   <ns7:SemanticMetadata conceptCode="C63543" conceptDefinition="A published API which receives data in the form of objects, performs computations based upon the input data, and returns information to a client via caGrid in the form of one or more objects." conceptName="Analytical Grid Service" order="1" xmlns:ns7="gme://caGrid.caBIG/1.0/gov.nih.nci.cagrid.metadata.common"/>
  </ns2:Service>
 </ns1:serviceDescription>
 <ns1:hostingResearchCenter/>
</ns1:ServiceMetadata>
