<project default="undeploy" basedir=".">


<property environment="env"/>
<property file="build.properties"/>
<property file="${user.home}/build.properties"/>
<property name="env.GLOBUS_LOCATION" value="../../.."/>
<property name="deploy.dir" value="${env.GLOBUS_LOCATION}"/>


<target name="undeploy">
  <delete verbose="true" dir="${deploy.dir}/etc/globus_usage_core"/>
  <delete verbose="true" file="${deploy.dir}/lib/globus_usage_core.jar"/>
  <delete verbose="true" file="${deploy.dir}/lib/globus_usage_packets_common.jar"/>
</target>
</project>
