<?xml version="1.0" encoding="UTF-8"?>
<!DOCTYPE beans PUBLIC "-//SPRING//DTD BEAN//EN" "http://www.springframework.org/dtd/spring-beans.dtd">

<beans>
    
   <bean id="loginViewResolver" class="org.springframework.web.servlet.view.InternalResourceViewResolver">
        <property name="viewClass">
            <value>org.springframework.web.servlet.view.InternalResourceView</value>
        </property>
        <property name="prefix">
            <value>/WEB-INF/views/</value>
        </property>
        <property name="suffix">
            <value>.jsp</value>
        </property>
    </bean>

	<bean id="xmlViewResolver" class="org.springframework.web.servlet.view.XmlViewResolver">
        <property name="location"><value>/WEB-INF/special-views.xml</value></property>
    </bean>
    
    <bean id="publicHandlerMapping" class="org.springframework.web.servlet.handler.BeanNameUrlHandlerMapping"/>
   
    <bean id="loginCommand" class="gov.nih.nci.cabig.caaers.web.LoginCommand" autowire="byName"/>
    
    <bean name="/login" id="loginController" autowire="byName"
        class="gov.nih.nci.cabig.caaers.web.LoginController" lazy-init="true">
        <property name="targetView"><value>welcome</value></property>
    </bean>

    <bean name="/welcome" id="welcomeController"
        class="org.springframework.web.servlet.mvc.ParameterizableViewController">
        <property name="viewName"><value>internal-welcome</value></property>
    </bean>    

              
</beans>
