<?xml version="1.0" encoding="UTF-8"?>
<securityConfig xmlns="http://www.globus.org">
 <method name="queryResourceProperties">
   <auth-method>
     <none />
   </auth-method>
 </method>
 <method name="getMultipleResourceProperties">
   <auth-method>
     <none />
   </auth-method>
 </method>
 <method name="getResourceProperty">
   <auth-method>
     <none />
   </auth-method>
 </method>
 <method name="getServiceSecurityMetadata">
   <auth-method>
     <none />
   </auth-method>
 </method>
 <auth-method>
     <GSITransport>
       <protection-level>
         <privacy />
       </protection-level>
     </GSITransport>
 </auth-method>
 <authz value="none" />
 <run-as>
     <system-identity />
 </run-as>
</securityConfig>

<!--
<securityConfig xmlns="http://www.globus.org">
  <method name="queryResourceProperties">
    <auth-method>
      <none />
    </auth-method>
  </method>
  <method name="getMultipleResourceProperties">
    <auth-method>
      <none />
    </auth-method>
  </method>
  <method name="getResourceProperty">
    <auth-method>
      <none />
    </auth-method>
  </method>
  <method name="getServiceSecurityMetadata">
    <auth-method>
      <none />
    </auth-method>
  </method>
  <auth-method>
    <none />
  </auth-method>
  <authz value="none" />
</securityConfig>
-->
