<!-- Note: although the syntax is the same, this file is interpreted by
           edu.nwu.bioinformatics.commons.sitemesh.PathInfoDecoratorMapper,
           not SiteMesh's standard ConfigDecoratorMapper.
-->

<decorators defaultdir="/WEB-INF/decorators">
    <decorator name="standard" page="standard.jsp">
        <pattern>/pages/*</pattern>
        <pattern>/public/*</pattern>
    </decorator>

    <decorator name="tabbedflow" page="tabbedflow.jsp">
        <pattern>/pages/study/edit</pattern>
        <pattern>/pages/study/create</pattern>
        <pattern>/pages/participant/create</pattern>
        <pattern>/pages/participant/edit</pattern>
        <pattern>/pages/participant/assignStudy</pattern>
        <pattern>/pages/participant/assignParticipant</pattern>
        <pattern>/pages/ae/create</pattern>
        <pattern>/pages/ae/createRoutine</pattern>
        <pattern>/pages/ae/edit</pattern>
        <pattern>/pages/ae/editRoutine</pattern>
        <pattern>/pages/ae/submitReport</pattern>
        <pattern>/pages/ae/sample</pattern>
        <pattern>/pages/rule/create</pattern>
        <pattern>/pages/rule/notification/create</pattern>
		<pattern>/pages/rule/notification/edit</pattern>
        <pattern>/pages/admin/import</pattern>
    </decorator>

    <excludes>
        <pattern>/*/image/*</pattern>
        <pattern>/*/js/*</pattern>
        <!-- exclude Ajax subview renderings -->
        <pattern>*subview*</pattern>
    </excludes>
</decorators>