<?xml version="1.0" encoding="UTF-8"?>
<!--
    This applicationContext contains the definition of the default implementations
    of the public API services.
-->

<beans
    xmlns="http://www.springframework.org/schema/beans"
    xmlns:xsi="http://www.w3.org/2001/XMLSchema-instance"
    xmlns:tx="http://www.springframework.org/schema/tx"
    xsi:schemaLocation="
    http://www.springframework.org/schema/beans http://www.springframework.org/schema/beans/spring-beans-2.0.xsd
    http://www.springframework.org/schema/tx http://www.springframework.org/schema/tx/spring-tx-2.0.xsd" default-autowire="no">

	 <bean id="webAnnotations" class="org.codehaus.xfire.annotations.jsr181.Jsr181WebAnnotations"/>

	 <bean id="handlerMapping" class="org.codehaus.xfire.spring.remoting.Jsr181HandlerMapping">
	        <property name="typeMappingRegistry">
	            <ref bean="xfire.typeMappingRegistry"/>
	        </property>
	        <property name="xfire">
	            <ref bean="xfire"/>
	        </property>
	        <property name="webAnnotations">
	            <ref bean="webAnnotations"/>
	        </property>
	 </bean>
	 
	 <bean class="org.springframework.web.servlet.handler.SimpleUrlHandlerMapping">
	        <property name="urlMap">
	            <map>
	                <entry key="/">
	                    <ref bean="handlerMapping"/>
	                </entry>
	            </map>
	        </property>
    </bean>
    
    <import resource="classpath:org/codehaus/xfire/spring/xfire.xml"/>
	
</beans>