<?xml version='1.0' encoding='utf-8'?>
<!DOCTYPE hibernate-configuration PUBLIC
    "-//Hibernate/Hibernate Configuration DTD//EN"
    "http://hibernate.sourceforge.net/hibernate-configuration-3.0.dtd">
<hibernate-configuration>
	<session-factory>
		<property name="connection.url">
			jdbc:mysql://localhost:3306/testapp
		</property>
		<property name="connection.username">testapp</property>
		<property name="connection.password">testapp</property>
		<property name="connection.driver_class">
			com.mysql.jdbc.Driver
		</property>
		<property name="dialect">
			org.hibernate.dialect.MySQLDialect
		</property>
		<property name="hibernate.show_sql">true</property>

		<property name="hibernate.c3p0.min_size">5</property>
		<property name="hibernate.c3p0.max_size">20</property>
		<property name="hibernate.c3p0.timeout">300</property>
		<property name="hibernate.c3p0.max_statements">50</property>
		<property name="hibernate.c3p0.idle_test_period">3000</property>

		<mapping
			resource="gov/nih/nci/security/authorization/domainobjects/Privilege.hbm.xml" />
		<mapping
			resource="gov/nih/nci/security/authorization/domainobjects/Application.hbm.xml" />
		<mapping
			resource="gov/nih/nci/security/authorization/domainobjects/Role.hbm.xml" />
		<mapping
			resource="gov/nih/nci/security/dao/hibernate/RolePrivilege.hbm.xml" />
		<mapping
			resource="gov/nih/nci/security/dao/hibernate/UserGroup.hbm.xml" />
		<mapping
			resource="gov/nih/nci/security/dao/hibernate/ProtectionGroupProtectionElement.hbm.xml" />
		<mapping
			resource="gov/nih/nci/security/authorization/domainobjects/Group.hbm.xml" />
		<mapping
			resource="gov/nih/nci/security/authorization/domainobjects/User.hbm.xml" />
		<mapping
			resource="gov/nih/nci/security/authorization/domainobjects/ProtectionGroup.hbm.xml" />
		<mapping
			resource="gov/nih/nci/security/authorization/domainobjects/ProtectionElement.hbm.xml" />
		<mapping
			resource="gov/nih/nci/security/authorization/domainobjects/UserGroupRoleProtectionGroup.hbm.xml" />
		<mapping
			resource="gov/nih/nci/security/authorization/domainobjects/UserProtectionElement.hbm.xml" />
	</session-factory>
</hibernate-configuration>
