<?xml version="1.0" encoding="UTF-8"?>
<!--
    
    Licensed to the Apache Software Foundation (ASF) under one or more
    contributor license agreements.  See the NOTICE file distributed with
    this work for additional information regarding copyright ownership.
    The ASF licenses this file to You under the Apache License, Version 2.0
    (the "License"); you may not use this file except in compliance with
    the License.  You may obtain a copy of the License at
    
    http://www.apache.org/licenses/LICENSE-2.0
    
    Unless required by applicable law or agreed to in writing, software
    distributed under the License is distributed on an "AS IS" BASIS,
    WITHOUT WARRANTIES OR CONDITIONS OF ANY KIND, either express or implied.
    See the License for the specific language governing permissions and
    limitations under the License.

-->
<!-- START SNIPPET: xbean -->
<beans xmlns:amq="http://activemq.apache.org/schema/core">
  
  <amq:broker id="broker" depends-on="jmxServer">

    <amq:managementContext>
      <bean class="org.apache.activemq.broker.jmx.ManagementContext">
        <property name="createConnector" value="false" />
      </bean>
    </amq:managementContext>

    <amq:persistenceAdapter>
      <amq:journaledJDBC journalLogFiles="5" dataDirectory="#dataDir"/>
      <!-- To use a different datasource, use th following syntax : -->
      <!-- 
      <amq:journaledJDBC journalLogFiles="5" dataDirectory="../data" dataSource="#postgres-ds"/>
       -->
    </amq:persistenceAdapter>
  
    <amq:transportConnectors>
       <amq:transportConnector uri="tcp://localhost:61636" discoveryUri="multicast://default"/>
    </amq:transportConnectors>
    
    <amq:networkConnectors>
      <!-- by default just auto discover the other brokers -->
      <amq:networkConnector uri="multicast://default"/>
      <!--  
      <amq:networkConnector uri="static://(tcp://host1:61616,tcp://host2:61616)"/>
      -->
    </amq:networkConnectors>
    
  </amq:broker>
  
  <!--  This xbean configuration file supports all the standard spring xml configuration options -->
  
  <!-- Postgres DataSource Sample Setup -->
  <!-- 
  <bean id="postgres-ds" class="org.postgresql.ds.PGPoolingDataSource">
    <property name="serverName" value="localhost"/>
    <property name="databaseName" value="activemq"/>
    <property name="portNumber" value="0"/>
    <property name="user" value="activemq"/>
    <property name="password" value="activemq"/>
    <property name="dataSourceName" value="postgres"/>
    <property name="initialConnections" value="1"/>
    <property name="maxConnections" value="10"/>
  </bean>
  -->
  
  <!-- MySql DataSource Sample Setup -->
  <!-- 
  <bean id="mysql-ds" class="org.apache.commons.dbcp.BasicDataSource" destroy-method="close">
    <property name="driverClassName" value="com.mysql.jdbc.Driver"/>
    <property name="url" value="jdbc:mysql://localhost/activemq"/>
    <property name="username" value="activemq"/>
    <property name="password" value="activemq"/>
    <property name="poolPreparedStatements" value="true"/>
  </bean>
  -->  
   
  <!-- Embedded Derby DataSource Sample Setup -->
  <!-- 
  <bean id="derby-ds" class="org.apache.derby.jdbc.EmbeddedDataSource">
    <property name="databaseName" value="derbydb"/>
    <property name="createDatabase" value="create"/>
  </bean>
  -->  

  <!-- Directories relative to web app -->
  <bean id="servletContext" class="org.springframework.web.context.support.ServletContextFactoryBean" />
  <bean id="dataDir" class="org.springframework.web.util.WebUtils" factory-method="getRealPath">
    <constructor-arg ref="servletContext" />
    <constructor-arg value="/data" />
  </bean>
  
</beans>
<!-- END SNIPPET: xbean -->
