<?xml version="1.0" encoding="UTF-8"?>
<!--

    Licensed to the Apache Software Foundation (ASF) under one or more
    contributor license agreements.  See the NOTICE file distributed with
    this work for additional information regarding copyright ownership.
    The ASF licenses this file to You under the Apache License, Version 2.0
    (the "License"); you may not use this file except in compliance with
    the License.  You may obtain a copy of the License at

       http://www.apache.org/licenses/LICENSE-2.0

    Unless required by applicable law or agreed to in writing, software
    distributed under the License is distributed on an "AS IS" BASIS,
    WITHOUT WARRANTIES OR CONDITIONS OF ANY KIND, either express or implied.
    See the License for the specific language governing permissions and
    limitations under the License.

-->
<!DOCTYPE log4j:configuration SYSTEM "log4j.dtd">

<log4j:configuration xmlns:log4j="http://jakarta.apache.org/log4j/" debug="false">

    <appender name="CONSOLE" class="org.apache.log4j.ConsoleAppender">
        <param name="threshold" value="INFO"/>
        <layout class="org.apache.log4j.PatternLayout">
            <param name="ConversionPattern" value="%-5p - %-30c{1} - %m%n"/>
        </layout>
    </appender>

    <appender name="FILE" class="org.apache.log4j.FileAppender">
        <param name="threshold" value="DEBUG"/>
        <param name="File" value="data/log/servicemix.log"/>
        <layout class="org.apache.log4j.PatternLayout">
            <param name="ConversionPattern" value="%d{ABSOLUTE} | %-5p | %-10t | %-24.24c{1} | %-30.30C %4L | %m%n"/>
        </layout>
    </appender>

    <logger name="org.apache">
        <level value="WARN"/>
    </logger>
    <logger name="org.springframework">
        <level value="WARN"/>
    </logger>
    <logger name="org.jencks">
        <level value="WARN"/>
    </logger>
    <logger name="org.apache.activemq">
        <level value="WARN"/>
    </logger>
    <logger name="org.apache.activemq.transport.discovery">
        <level value="ERROR"/>
    </logger>
    <logger name="org.apache.servicemix">
        <!-- To enable debug logging, replace the INFO by DEBUG -->
        <level value="DEBUG"/>
    </logger>
    <logger name="org.apache.servicemix.jbi.config">
        <level value="WARN"/>
    </logger>
    <logger name="org.apache.servicemix.jbi.deployment">
        <level value="WARN"/>
    </logger>
    <logger name="webservice.adeers">
        <level value="INFO"/>
    </logger>
    <root>
        <level value="DEBUG"/>
        <appender-ref ref="CONSOLE"/>
        <appender-ref ref="FILE"/>
    </root>

</log4j:configuration>
<!--

Log4J Configuration Quick Reference:
====================================

Priority order is DEBUG < INFO < WARN < ERROR < FATAL

PatternLayout conversion characters:

%c   Category of the logging event
%C   Fully qualified class name of the caller
%d   Date of the logging event  (example: %d{HH:mm:ss,SSS} )
%F   File name where the logging request was issued (caution: extremely slow)
%l   Location information of the caller (caution: extremely slow)
%L   Line number from where the logging request was issued (caution: extremely slow)
%m   Application-supplied message
%M   Method name from where the logging request was issued (caution: extremely slow)
%n   Line separator
%p   Priority of the logging event
%r   Number of milliseconds since the start of the application
%t   Name of the thread that generated the logging event
%x   Nested diagnotic context associated with the thread
%%   A single percent sign

Format modifiers examples:

%20c     Left pad with spaces if category is less than 20 characters long
%-20c    Right pad with spaces if category is less than 20 characters long
%.30c    Truncate from the beginning if category is more than 30 chars long
%20.30c  Left pad 20 chars + truncate from beginning if more than 30 chars
%-20.30c Right pad 20 chars + truncate from beginning if more than 30 chars

Examples:  "%r [%t] %-5p %c %x - %m\n"
"%-6r [%15.15t] %-5p %30.30c %x - %m\n"

-->
